<project default="refresh" basedir=".">
  <path id="org.mybatis.generator.doc.javadocclasspath">
  	<pathelement location="../org.mybatis.generator.eclipse.ui/bin"/>
  </path>

  <target name="clean">
  	<delete dir="html" />
  </target>

  <target name="javadoc" depends="clean">
    <javadoc 
      access="protected" 
      author="true" 
      destdir="html/javadoc" 
      doctitle="MyBatis Generator API Specifications" 
      nodeprecated="false" 
      nodeprecatedlist="false" 
      noindex="false" 
      nonavbar="false" 
      notree="false"
      source="1.5"
      splitindex="true" 
      use="true" 
      version="true"
      classpathref="org.mybatis.generator.doc.javadocclasspath">
    	<packageset dir="../../core/mybatis-generator-core/src/main/java" />
    	<packageset dir="../org.mybatis.generator.eclipse.core/src" />
    	<packageset dir="../org.mybatis.generator.eclipse.ui/src" />
    	<packageset dir="../org.mybatis.generator.eclipse.ui/antsrc" />
    </javadoc>
  	
  	<copy todir="html/mbgdoc">
  	  <fileset dir="../../core/mybatis-generator-core/src/site/xhtml">
  	    <include name="**/*.xhtml"/>
  	  </fileset>
      <mapper type="glob" from="*.xhtml" to="*.html" />
  	</copy>

  	<copy todir="html/mbgdoc">
   	  <fileset dir="html-src/mbgdoc">
   	    <include name="mbgstyle.css"/>
   	  </fileset>
  	</copy>
  	
  	<copy todir="html/eclipseui">
  	  <fileset dir="html-src/eclipseui" />
  	</copy>
</target>
	
  <target name="refresh" depends="javadoc" if="eclipse.running">
  	<echo message="Refreshing the Eclipse Project..."/>
  	<eclipse.refreshLocal resource="org.mybatis.generator.eclipse.doc"/>
  </target>
	
</project>
