<?xml version="1.0" encoding="UTF-8"?>
<?NLS TYPE="org.eclipse.help.toc"?>

<toc label="Eclipse User Interface Guide" link_to="toc.xml#eclipseui">
      <topic href="html/eclipseui/quickstart.html" label="Quickstart Guide">
      </topic>
      <topic href="html/eclipseui/eclipseui.html" label="Using the Eclipse User Interface">
      </topic>
      <topic href="html/eclipseui/usingTheLauncher.html" label="Using the Launcher">
      </topic>
      <topic href="html/eclipseui/usingAnt.html" label="Using the Ant Task">
      </topic>
      <topic href="html/eclipseui/buildingFromSource.html" label="Building from Source">
      </topic>
      <topic href="html/eclipseui/manualTesting.html" label="Manual Test Scripts">
      </topic>
      <topic href="html/eclipseui/publishing.html" label="Publishing a New Version">
      </topic>
</toc>
