<?xml version="1.0" encoding="UTF-8"?>
<?NLS TYPE="org.eclipse.help.toc"?>
<toc label="API Reference" link_to="toc.xml#javadoc">
   <topic label="Core MyBatis Generator Javadoc">
      <topic href="html/javadoc/org/mybatis/generator/ant/package-summary.html" label="org.mybatis.generator.ant" />
      <topic href="html/javadoc/org/mybatis/generator/api/package-summary.html" label="org.mybatis.generator.api" />
      <topic href="html/javadoc/org/mybatis/generator/api/dom/package-summary.html" label="org.mybatis.generator.api.dom" />
      <topic href="html/javadoc/org/mybatis/generator/api/dom/java/package-summary.html" label="org.mybatis.generator.api.dom.java" />
      <topic href="html/javadoc/org/mybatis/generator/api/dom/xml/package-summary.html" label="org.mybatis.generator.api.dom.xml" />
      <topic href="html/javadoc/org/mybatis/generator/codegen/package-summary.html" label="org.mybatis.generator.codegen" />
      <topic href="html/javadoc/org/mybatis/generator/codegen/mybatis3/package-summary.html" label="org.mybatis.generator.codegen.mybatis3" />
      <topic href="html/javadoc/org/mybatis/generator/codegen/mybatis3/javamapper/package-summary.html" label="org.mybatis.generator.codegen.mybatis3.javamapper" />
      <topic href="html/javadoc/org/mybatis/generator/codegen/mybatis3/javamapper/elements/package-summary.html" label="org.mybatis.generator.codegen.mybatis3.javamapper.elements" />
      <topic href="html/javadoc/org/mybatis/generator/codegen/mybatis3/javamapper/elements/annotated/package-summary.html" label="org.mybatis.generator.codegen.mybatis3.javamapper.elements.annotated" />
      <topic href="html/javadoc/org/mybatis/generator/codegen/mybatis3/javamapper/elements/sqlprovider/package-summary.html" label="org.mybatis.generator.codegen.mybatis3.javamapper.elements.sqlprovider" />
      <topic href="html/javadoc/org/mybatis/generator/codegen/mybatis3/model/package-summary.html" label="org.mybatis.generator.codegen.mybatis3.model" />
      <topic href="html/javadoc/org/mybatis/generator/codegen/mybatis3/xmlmapper/package-summary.html" label="org.mybatis.generator.codegen.mybatis3.xmlmapper" />
      <topic href="html/javadoc/org/mybatis/generator/codegen/mybatis3/xmlmapper/elements/package-summary.html" label="org.mybatis.generator.codegen.mybatis3.xmlmapper.elements" />
      <topic href="html/javadoc/org/mybatis/generator/config/package-summary.html" label="org.mybatis.generator.config" />
      <topic href="html/javadoc/org/mybatis/generator/config/xml/package-summary.html" label="org.mybatis.generator.config.xml" />
      <topic href="html/javadoc/org/mybatis/generator/exception/package-summary.html" label="org.mybatis.generator.exception" />
      <topic href="html/javadoc/org/mybatis/generator/internal/package-summary.html" label="org.mybatis.generator.internal" />
      <topic href="html/javadoc/org/mybatis/generator/internal/db/package-summary.html" label="org.mybatis.generator.internal.db" />
      <topic href="html/javadoc/org/mybatis/generator/internal/rules/package-summary.html" label="org.mybatis.generator.internal.rules" />
      <topic href="html/javadoc/org/mybatis/generator/internal/types/package-summary.html" label="org.mybatis.generator.internal.types" />
      <topic href="html/javadoc/org/mybatis/generator/internal/util/package-summary.html" label="org.mybatis.generator.internal.util" />
      <topic href="html/javadoc/org/mybatis/generator/internal/util/messages/package-summary.html" label="org.mybatis.generator.internal.util.messages" />
      <topic href="html/javadoc/org/mybatis/generator/logging/package-summary.html" label="org.mybatis.generator.logging" />
      <topic href="html/javadoc/org/mybatis/generator/logging/commons/package-summary.html" label="org.mybatis.generator.logging.commons" />
      <topic href="html/javadoc/org/mybatis/generator/logging/jdk14/package-summary.html" label="org.mybatis.generator.logging.jdk14" />
      <topic href="html/javadoc/org/mybatis/generator/logging/log4j/package-summary.html" label="org.mybatis.generator.logging.log4j" />
      <topic href="html/javadoc/org/mybatis/generator/logging/log4j2/package-summary.html" label="org.mybatis.generator.logging.log4j2" />
      <topic href="html/javadoc/org/mybatis/generator/logging/nologging/package-summary.html" label="org.mybatis.generator.logging.nologging" />
      <topic href="html/javadoc/org/mybatis/generator/logging/slf4j/package-summary.html" label="org.mybatis.generator.logging.slf4j" />
      <topic href="html/javadoc/org/mybatis/generator/plugins/package-summary.html" label="org.mybatis.generator.plugins" />
      <topic href="html/javadoc/org/mybatis/generator/runtime/dynamic/sql/package-summary.html" label="org.mybatis.generator.runtime.dynamic.sql" />
      <topic href="html/javadoc/org/mybatis/generator/runtime/dynamic/sql/elements/package-summary.html" label="org.mybatis.generator.runtime.dynamic.sql.elements" />
   </topic>
   
   <topic label="MyBatis Generator Eclipse Plugin Javadoc">
      <topic href="html/javadoc/org/mybatis/generator/eclipse/core/callback/package-summary.html" label="org.mybatis.generator.eclipse.core.callback"/>
      <topic href="html/javadoc/org/mybatis/generator/eclipse/core/merge/package-summary.html" label="org.mybatis.generator.eclipse.core.merge" />
      <topic href="html/javadoc/org/mybatis/generator/eclipse/ui/package-summary.html" label="org.mybatis.generator.eclipse.ui" />
      <topic href="html/javadoc/org/mybatis/generator/eclipse/ui/actions/package-summary.html" label="org.mybatis.generator.eclipse.ui.actions" />
      <topic href="html/javadoc/org/mybatis/generator/eclipse/ui/ant/package-summary.html" label="org.mybatis.generator.eclipse.ui.ant" />
      <topic href="html/javadoc/org/mybatis/generator/eclipse/ui/ant/logging/package-summary.html" label="org.mybatis.generator.eclipse.ui.ant.logging" />
      <topic href="html/javadoc/org/mybatis/generator/eclipse/ui/ant/logging/commons/package-summary.html" label="org.mybatis.generator.eclipse.ui.ant.logging.commons" />
      <topic href="html/javadoc/org/mybatis/generator/eclipse/ui/ant/logging/log4j/package-summary.html" label="org.mybatis.generator.eclipse.ui.ant.logging.log4j" />
      <topic href="html/javadoc/org/mybatis/generator/eclipse/ui/ant/logging/log4j2/package-summary.html" label="org.mybatis.generator.eclipse.ui.ant.logging.log4j2" />
      <topic href="html/javadoc/org/mybatis/generator/eclipse/ui/ant/logging/slf4j/package-summary.html" label="org.mybatis.generator.eclipse.ui.ant.logging.slf4j" />
      <topic href="html/javadoc/org/mybatis/generator/eclipse/ui/content/package-summary.html" label="org.mybatis.generator.eclipse.ui.content" />
      <topic href="html/javadoc/org/mybatis/generator/eclipse/ui/launcher/package-summary.html" label="org.mybatis.generator.eclipse.ui.launcher" />
      <topic href="html/javadoc/org/mybatis/generator/eclipse/ui/launcher/tabs/package-summary.html" label="org.mybatis.generator.eclipse.ui.launcher.tabs" />
      <topic href="html/javadoc/org/mybatis/generator/eclipse/ui/wizards/package-summary.html" label="org.mybatis.generator.eclipse.ui.wizards" />
   </topic>
   
</toc>
